symbol,marketcapname_x,market_cap_x,industry_x,sector_x,ok,error,best_short_ma,best_long_ma,optimization_score,total_return_pct,total_trades,winning_trades,losing_trades,win_rate,total_wins_pct,total_losses_pct,avg_win_pct,avg_loss_pct,max_win_pct,max_loss_pct,profit_factor,expected_value_pct,avg_mfe_pct,avg_mae_pct,mfe_mae_ratio,sharpe_ratio,sortino_ratio,max_drawdown_pct,annualized_return_pct,buy_hold_return_pct,strategy_return_pct,outperformance_pct,avg_holding_days,max_holding_days,min_holding_days,max_consecutive_wins,max_consecutive_losses,marketcapname_y,market_cap_y,industry_y,sector_y,signal,signal_date,last_close,fib_1d_direction,fib_1d_swing_high,fib_1d_swing_high_at,fib_1d_swing_low,fib_1d_swing_low_at,fib_15m_direction,fib_15m_swing_high,fib_15m_swing_high_at,fib_15m_swing_low,fib_15m_swing_low_at,fib_5m_direction,fib_5m_swing_high,fib_5m_swing_high_at,fib_5m_swing_low,fib_5m_swing_low_at
BOMDYEING,smallcap,2582.93,textiles - manmade,textiles,True,,5,10,31.61,23.51,49.0,19.0,30.0,38.78,48.38,25.65,2.55,0.86,12.07,3.55,1.89,0.46,1.82,-0.62,2.92,0.54,0.71,9.4,145.21,13.04,23.51,10.48,0.61,4.0,0.0,2.0,3.0,smallcap,2582.93,textiles - manmade,textiles,sell,2026-06-22T15:15:00+05:30,138.07,up,136.65,2026-06-16 IST,121.53,2026-06-11 IST,up,140.9,2026-06-22 09:45 IST,133.4,2026-06-19 14:45 IST,up,140.9,2026-06-22 09:50 IST,133.4,2026-06-19 14:55 IST
TIRUMALCHM,smallcap,2247.59,chemicals,chemicals,True,,5,200,15.27,10.98,7.0,2.0,5.0,28.57,19.44,7.97,9.72,1.59,12.93,2.49,2.44,1.64,6.59,-1.41,4.67,0.29,0.31,8.92,55.63,2.01,10.98,8.97,7.71,22.0,1.0,2.0,3.0,smallcap,2247.59,chemicals,chemicals,buy,2026-06-22T15:15:00+05:30,174.8,up,180.48,2026-06-16 IST,162.8,2026-06-11 IST,up,177.4,2026-06-22 10:00 IST,166.56,2026-06-19 15:00 IST,up,177.4,2026-06-22 10:10 IST,169.62,2026-06-22 09:35 IST
KROSS,smallcap,1241.68,auto ancillaries,auto,True,,5,20,28.81,21.69,30.0,12.0,18.0,40.0,43.66,21.01,3.64,1.17,18.88,4.89,2.08,0.75,2.45,-0.91,2.69,0.48,0.56,9.5,130.16,-10.46,21.69,32.15,1.03,7.0,0.0,2.0,5.0,smallcap,1241.68,auto ancillaries,auto,sell,2026-06-22T15:15:00+05:30,195.14,down,195.0,2026-06-04 IST,175.43,2026-06-11 IST,up,201.5,2026-06-22 10:45 IST,187.3,2026-06-19 14:45 IST,up,201.5,2026-06-22 10:50 IST,187.3,2026-06-19 14:55 IST
SINDHUTRAD,smallcap,4062.98,miscellaneous,transportation,True,,5,10,12.02,8.62,59.0,14.0,45.0,23.73,38.89,28.93,2.78,0.64,15.17,2.13,1.34,0.17,1.51,-0.56,2.7,0.23,0.26,11.8,42.08,2.92,8.62,5.7,0.54,4.0,0.0,3.0,11.0,smallcap,4062.98,miscellaneous,transportation,sell,2026-06-22T15:15:00+05:30,25.16,down,27.08,2026-06-16 IST,24.5,2026-06-17 IST,up,26.32,2026-06-22 13:30 IST,24.81,2026-06-22 13:00 IST,down,26.32,2026-06-22 13:35 IST,25.13,2026-06-22 14:00 IST
BCG,smallcap,2123.49,computers - software - medium / small,i.t,True,,20,70,50.03,39.57,8.0,3.0,5.0,37.5,42.41,6.23,14.14,1.25,17.0,1.66,6.8,4.52,8.38,-1.48,5.66,0.7,0.8,9.21,312.01,25.83,39.57,13.74,5.25,19.0,0.0,2.0,4.0,smallcap,2123.49,computers - software - medium / small,i.t,buy,2026-06-22T15:15:00+05:30,10.36,up,11.4,2026-06-15 IST,10.05,2026-06-11 IST,down,11.05,2026-06-15 14:30 IST,10.37,2026-06-16 10:00 IST,down,10.94,2026-06-16 09:15 IST,10.32,2026-06-17 10:05 IST
INDOCO,smallcap,1911.84,pharmaceuticals - indian - bulk drugs & formln,healthcare,True,,10,20,29.84,23.18,23.0,8.0,15.0,34.78,40.5,17.63,5.06,1.18,14.54,3.4,2.3,0.99,3.35,-0.97,3.45,0.44,0.56,11.47,142.4,3.35,23.18,19.83,2.09,9.0,0.0,3.0,4.0,smallcap,1911.84,pharmaceuticals - indian - bulk drugs & formln,healthcare,sell,2026-06-22T15:15:00+05:30,235.35,down,261.71,2026-06-12 IST,228.62,2026-06-17 IST,up,242.0,2026-06-22 09:30 IST,233.1,2026-06-19 15:15 IST,up,242.0,2026-06-22 09:30 IST,233.1,2026-06-19 15:25 IST
DIGITIDE,smallcap,1320.84,computers - software - medium / small,i.t,True,,15,100,21.06,16.05,7.0,3.0,4.0,42.86,26.24,9.69,8.75,2.42,16.0,4.68,2.71,2.36,7.86,-1.78,4.41,0.33,0.37,10.91,88.19,-3.05,16.05,19.1,5.14,15.0,0.0,1.0,2.0,smallcap,1320.84,computers - software - medium / small,i.t,sell,2026-06-22T15:15:00+05:30,87.98,up,93.48,2026-06-18 IST,80.52,2026-06-11 IST,up,90.79,2026-06-22 09:15 IST,87.5,2026-06-19 15:00 IST,up,90.79,2026-06-22 09:20 IST,87.5,2026-06-19 15:00 IST
NAGREEKEXP,smallcap,85.53,textiles - cotton/blended,textiles,True,,30,50,34.95,28.07,5.0,2.0,3.0,40.0,43.68,11.98,21.84,3.99,41.09,5.35,3.65,6.34,13.81,-3.49,3.96,0.46,0.47,15.79,185.99,12.12,28.07,15.95,7.6,22.0,0.0,1.0,2.0,smallcap,85.53,textiles - cotton/blended,textiles,sell,2026-06-22T15:15:00+05:30,27.03,up,28.7,2026-06-18 IST,27.0,2026-06-02 IST,up,28.38,2026-06-22 09:45 IST,26.69,2026-06-22 09:30 IST,down,28.38,2026-06-22 09:50 IST,27.29,2026-06-22 10:05 IST
BESTAGRO,smallcap,584.85,pesticides / agrochemicals - indian,chemicals,True,,15,20,56.38,45.38,18.0,4.0,14.0,22.22,63.69,16.95,15.92,1.21,47.25,2.91,3.76,2.6,5.12,-1.24,4.12,0.73,0.79,10.88,389.96,2.01,45.38,43.37,1.94,16.0,0.0,1.0,5.0,smallcap,584.85,pesticides / agrochemicals - indian,chemicals,sell,2026-06-22T15:15:00+05:30,15.86,up,16.47,2026-06-15 IST,15.25,2026-06-11 IST,up,16.21,2026-06-22 09:15 IST,15.61,2026-06-19 09:30 IST,down,16.21,2026-06-22 09:15 IST,15.7,2026-06-22 09:15 IST
BILVYAPAR,smallcap,14.27,miscellaneous,miscellaneous,True,,10,30,24.87,14.86,1.0,1.0,0.0,100.0,14.86,0.0,14.86,0.0,14.86,0.0,,14.86,27.99,-1.54,18.13,0.67,0.28,10.26,80.14,-33.44,14.86,48.3,18.0,18.0,18.0,1.0,0.0,smallcap,14.27,miscellaneous,miscellaneous,buy,2026-06-22T15:15:00+05:30,4.35,down,6.64,2026-04-13 IST,3.82,2026-06-16 IST,up,4.54,2026-06-22 09:30 IST,4.25,2026-06-19 12:30 IST,down,4.52,2026-06-19 11:00 IST,4.25,2026-06-19 12:30 IST
NIPPOBATRY,smallcap,275.89,dry cells,industrials,True,,35,170,34.09,26.76,5.0,2.0,3.0,40.0,30.92,4.89,15.46,1.63,19.11,1.72,6.32,5.2,11.56,-1.45,7.95,0.49,0.52,14.96,173.79,17.11,26.76,9.65,8.8,20.0,2.0,1.0,2.0,smallcap,275.89,dry cells,industrials,sell,2026-06-22T15:15:00+05:30,355.45,up,373.95,2026-06-17 IST,325.05,2026-06-12 IST,up,361.95,2026-06-22 11:00 IST,340.5,2026-06-22 09:15 IST,up,356.9,2026-06-22 09:20 IST,340.5,2026-06-22 09:15 IST
IVALUE,smallcap,1291.19,computers - hardware,i.t,True,,5,10,15.35,10.62,53.0,16.0,37.0,30.19,44.15,32.53,2.76,0.88,11.44,3.17,1.36,0.22,1.52,-0.7,2.17,0.32,0.32,10.4,53.53,3.41,10.62,7.21,0.79,5.0,0.0,2.0,7.0,smallcap,1291.19,computers - hardware,i.t,sell,2026-06-22T15:15:00+05:30,273.5,down,240.0,2026-06-10 IST,226.98,2026-06-11 IST,up,281.45,2026-06-22 11:15 IST,272.0,2026-06-22 10:00 IST,up,281.45,2026-06-22 11:25 IST,272.0,2026-06-22 10:05 IST
TERASOFT,smallcap,538.14,computers - software - medium / small,i.t,True,,30,60,53.02,41.74,6.0,2.0,4.0,33.33,48.18,7.52,24.09,1.88,34.31,2.79,6.4,6.78,11.92,-2.1,5.68,0.75,0.74,10.53,339.99,27.1,41.74,14.65,7.5,19.0,1.0,1.0,3.0,smallcap,538.14,computers - software - medium / small,i.t,buy,2026-06-22T15:15:00+05:30,424.75,up,450.3,2026-06-16 IST,415.5,2026-06-11 IST,up,427.6,2026-06-22 12:45 IST,411.0,2026-06-22 11:00 IST,up,418.8,2026-06-19 13:20 IST,406.2,2026-06-19 13:05 IST
MUNJALSHOW,smallcap,508.98,auto ancillaries,auto,True,,10,50,22.15,15.27,11.0,4.0,7.0,36.36,21.43,6.6,5.36,0.94,6.85,1.53,3.25,1.35,3.58,-0.89,4.03,0.46,0.45,5.3,82.86,2.22,15.27,13.05,3.82,11.0,0.0,2.0,3.0,smallcap,508.98,auto ancillaries,auto,sell,2026-06-22T15:15:00+05:30,129.25,down,133.0,2026-06-10 IST,126.33,2026-06-11 IST,down,141.03,2026-05-29 13:30 IST,128.6,2026-06-01 09:45 IST,down,140.96,2026-05-29 15:00 IST,128.6,2026-06-01 09:45 IST
MOKSH,smallcap,103.25,diamond cutting / jewellery,consumer discretionary,True,,20,120,49.29,40.2,2.0,2.0,0.0,100.0,36.85,0.0,18.42,0.0,20.57,0.0,,18.42,27.91,-0.31,89.96,0.61,0.66,9.26,319.97,1.37,40.2,38.83,15.5,16.0,15.0,2.0,0.0,smallcap,103.25,diamond cutting / jewellery,consumer discretionary,sell,2026-06-22T15:15:00+05:30,11.84,up,12.95,2026-06-18 IST,11.7,2026-06-17 IST,down,12.3,2026-06-22 10:30 IST,11.3,2026-06-22 14:45 IST,down,12.16,2026-06-22 14:45 IST,11.3,2026-06-22 14:50 IST
NIFTY1,smallcap,0.0,indices,,True,,5,10,17.56,8.8,48.0,19.0,29.0,39.58,17.68,9.06,0.93,0.31,3.79,1.64,1.95,0.18,0.61,-0.22,2.74,0.58,0.66,2.88,43.06,-3.39,8.8,12.18,0.88,6.0,0.0,3.0,5.0,smallcap,0.0,indices,,sell,2026-06-22T15:15:00+05:30,266.57,down,266.89,2026-05-26 IST,250.49,2026-06-08 IST,up,263.85,2026-04-08 09:45 IST,252.75,2026-04-07 13:00 IST,up,263.85,2026-04-08 09:50 IST,253.56,2026-04-07 14:40 IST
JNKINDIA,smallcap,2022.17,engineering - turnkey services,realty,True,,5,80,101.55,84.93,14.0,4.0,10.0,28.57,81.32,8.56,20.33,0.86,50.07,1.65,9.51,5.2,8.98,-0.74,12.1,1.11,1.37,8.45,1261.4,73.23,84.93,11.7,3.07,23.0,0.0,2.0,5.0,smallcap,2022.17,engineering - turnkey services,realty,sell,2026-06-22T15:15:00+05:30,475.5,down,519.0,2026-06-15 IST,464.8,2026-06-18 IST,down,491.45,2026-06-22 09:15 IST,476.3,2026-06-22 09:15 IST,down,491.45,2026-06-22 09:15 IST,476.3,2026-06-22 09:25 IST
OCCLLTD,smallcap,565.29,chemicals,chemicals,True,,40,200,34.99,28.4,4.0,2.0,2.0,50.0,33.75,5.99,16.87,2.99,20.6,3.89,5.64,6.94,14.64,-1.69,8.67,0.44,0.78,10.52,189.08,35.64,28.4,-7.24,14.25,34.0,3.0,1.0,1.0,smallcap,565.29,chemicals,chemicals,buy,2026-06-22T15:15:00+05:30,130.85,down,139.0,2026-06-16 IST,124.2,2026-06-18 IST,up,130.7,2026-06-22 10:30 IST,126.5,2026-06-22 09:15 IST,down,131.4,2026-06-22 09:25 IST,127.2,2026-06-22 09:45 IST
BONLON,smallcap,71.76,trading,services,True,,30,120,44.99,36.79,2.0,1.0,1.0,50.0,39.42,1.89,39.42,1.89,39.42,1.89,20.89,18.77,26.74,-2.2,12.16,0.55,0.47,8.54,278.32,9.16,36.79,27.63,19.5,36.0,3.0,1.0,1.0,smallcap,71.76,trading,services,sell,2026-06-22T15:15:00+05:30,44.1,up,48.49,2026-06-17 IST,39.8,2026-06-09 IST,down,45.37,2026-06-22 10:45 IST,43.76,2026-06-22 12:00 IST,down,45.37,2026-06-22 10:55 IST,43.76,2026-06-22 12:05 IST
NDTV,smallcap,927.87,entertainment / electronic media software,media,True,,50,170,24.15,18.05,4.0,2.0,2.0,50.0,23.77,5.62,11.88,2.81,16.16,3.98,4.23,4.54,10.0,-1.99,5.03,0.41,0.48,13.59,102.36,8.06,18.05,10.0,9.75,24.0,1.0,1.0,2.0,smallcap,927.87,entertainment / electronic media software,media,buy,2026-06-22T15:15:00+05:30,82.84,up,83.8,2026-06-16 IST,77.31,2026-06-11 IST,down,83.84,2026-06-22 09:15 IST,81.09,2026-06-22 11:00 IST,up,83.84,2026-06-22 09:15 IST,80.8,2026-06-19 15:25 IST
TAKE,smallcap,452.97,miscellaneous,healthcare,True,,25,40,56.1,38.28,2.0,2.0,0.0,100.0,35.28,0.0,17.64,0.0,20.84,0.0,,17.64,24.95,0.0,,1.19,0.94,9.57,296.16,-24.54,38.28,62.82,20.5,28.0,13.0,2.0,0.0,smallcap,452.97,miscellaneous,healthcare,buy,2026-06-22T15:15:00+05:30,30.45,down,30.75,2026-06-15 IST,28.36,2026-06-18 IST,up,29.9,2026-06-22 12:30 IST,28.9,2026-06-22 09:45 IST,up,30.02,2026-06-22 11:30 IST,28.9,2026-06-22 09:55 IST
MBEL,smallcap,1687.3,construction,realty,True,,5,10,28.31,21.6,49.0,16.0,33.0,32.65,61.32,38.09,3.83,1.15,22.91,7.88,1.61,0.47,1.97,-0.88,2.24,0.45,0.42,14.8,129.48,-9.96,21.6,31.57,0.82,6.0,0.0,2.0,10.0,smallcap,1687.3,construction,realty,buy,2026-06-22T15:15:00+05:30,311.55,up,318.95,2026-06-15 IST,265.0,2026-06-11 IST,down,325.5,2026-06-19 10:30 IST,309.2,2026-06-19 13:15 IST,down,325.5,2026-06-19 10:35 IST,313.45,2026-06-19 11:15 IST
HATHWAY,smallcap,1890.47,telecommunications - service provider,telecom-service,True,,5,10,39.11,26.65,49.0,22.0,27.0,44.9,34.96,10.73,1.59,0.4,6.51,1.37,3.26,0.49,1.43,-0.25,5.72,0.83,0.77,3.85,172.79,8.48,26.65,18.17,0.8,5.0,0.0,4.0,6.0,smallcap,1890.47,telecommunications - service provider,telecom-service,sell,2026-06-22T15:15:00+05:30,12.2,up,11.46,2026-06-15 IST,10.3,2026-06-11 IST,up,12.56,2026-06-22 09:30 IST,12.1,2026-06-19 15:15 IST,up,12.56,2026-06-22 09:35 IST,12.1,2026-06-19 15:20 IST
KABRAEXTRU,smallcap,806.05,engineering,industrials,True,,5,20,34.8,25.29,29.0,10.0,19.0,34.48,37.97,14.24,3.8,0.75,8.39,3.08,2.67,0.82,2.46,-0.6,4.13,0.63,0.73,8.78,160.5,-1.98,25.29,27.26,1.21,5.0,0.0,3.0,8.0,smallcap,806.05,engineering,industrials,buy,2026-06-22T15:15:00+05:30,242.5,down,249.98,2026-06-17 IST,232.35,2026-06-18 IST,up,243.89,2026-06-22 09:15 IST,235.01,2026-06-19 15:15 IST,up,243.89,2026-06-22 09:15 IST,235.01,2026-06-19 15:25 IST
SEYAIND,smallcap,39.83,chemicals,chemicals,True,,15,70,50.15,33.85,5.0,1.0,4.0,20.0,46.61,9.0,46.61,2.25,46.61,2.69,5.18,7.52,11.74,-2.65,4.43,1.09,0.67,13.66,244.91,65.46,33.85,-31.61,10.2,47.0,0.0,1.0,4.0,smallcap,39.83,chemicals,chemicals,sell,2026-06-22T15:15:00+05:30,13.22,up,13.43,2026-06-16 IST,12.69,2026-06-15 IST,up,13.53,2026-06-19 12:30 IST,12.81,2026-06-18 12:15 IST,up,13.52,2026-06-19 11:45 IST,12.83,2026-06-18 11:00 IST
LFIC,smallcap,42.77,finance & investments,financials,True,,10,130,5.89,3.54,6.0,2.0,4.0,33.33,13.02,8.66,6.51,2.17,12.28,5.45,1.5,0.73,7.61,-1.84,4.14,0.16,0.19,19.07,15.91,8.26,3.54,-4.72,5.5,18.0,0.0,1.0,4.0,smallcap,42.77,finance & investments,financials,buy,2026-06-22T15:15:00+05:30,149.64,up,161.1,2026-06-17 IST,137.61,2026-06-12 IST,down,153.49,2026-06-18 15:15 IST,146.1,2026-06-19 12:00 IST,down,153.49,2026-06-18 15:25 IST,146.1,2026-06-19 12:10 IST
SHIVALIK,smallcap,397.7,pesticides / agrochemicals - indian,chemicals,True,,5,20,3.61,2.25,36.0,10.0,26.0,27.78,31.84,28.27,3.18,1.09,11.3,2.5,1.13,0.1,2.34,-0.92,2.54,0.09,0.08,14.88,9.93,-18.0,2.25,20.25,0.81,4.0,0.0,2.0,7.0,smallcap,397.7,pesticides / agrochemicals - indian,chemicals,sell,2026-06-22T15:15:00+05:30,217.0,down,245.7,2026-06-10 IST,215.45,2026-06-15 IST,up,221.0,2026-06-22 13:00 IST,214.0,2026-06-22 10:00 IST,down,226.0,2026-06-18 09:40 IST,219.0,2026-06-18 10:50 IST
BANCOINDIA,midcap,9366.08,auto ancillaries,auto,True,,5,10,30.45,21.2,54.0,21.0,33.0,38.89,43.91,23.8,2.09,0.72,6.69,1.98,1.85,0.37,1.45,-0.53,2.74,0.62,0.88,5.92,126.26,12.93,21.2,8.27,0.81,4.0,0.0,3.0,4.0,midcap,9366.08,auto ancillaries,auto,sell,2026-06-22T15:15:00+05:30,669.45,up,705.95,2026-06-15 IST,624.15,2026-06-08 IST,up,680.6,2026-06-22 10:00 IST,658.2,2026-06-19 15:00 IST,up,696.45,2026-06-12 14:05 IST,672.3,2026-06-12 12:50 IST
PNGJL,midcap,7440.89,diamond cutting / jewellery,consumer discretionary,True,,15,90,34.22,24.22,7.0,3.0,4.0,42.86,27.18,3.65,9.06,0.91,18.46,1.31,7.46,3.36,6.9,-0.97,7.08,0.67,0.66,9.3,151.23,1.81,24.22,22.41,7.29,23.0,0.0,1.0,3.0,midcap,7440.89,diamond cutting / jewellery,consumer discretionary,sell,2026-06-22T15:15:00+05:30,550.25,up,567.5,2026-06-16 IST,528.55,2026-06-11 IST,up,563.65,2026-06-15 09:15 IST,533.0,2026-06-12 11:30 IST,up,563.65,2026-06-15 09:15 IST,544.0,2026-06-12 15:10 IST
BELRISE,midcap,19389.58,auto ancillaries,auto,True,,5,10,15.86,10.5,53.0,19.0,34.0,35.85,34.65,23.84,1.82,0.7,7.2,2.19,1.45,0.2,1.32,-0.55,2.41,0.36,0.41,9.65,52.84,10.18,10.5,0.33,0.64,4.0,0.0,6.0,7.0,midcap,19389.58,auto ancillaries,auto,buy,2026-06-22T15:15:00+05:30,247.7,up,245.6,2026-06-17 IST,218.42,2026-06-11 IST,up,249.48,2026-06-22 10:45 IST,239.61,2026-06-19 14:45 IST,up,243.7,2026-06-17 09:25 IST,236.5,2026-06-16 15:25 IST
CCL,midcap,14294.16,tea,fmcg,True,,15,20,-7.65,-5.41,24.0,8.0,16.0,33.33,12.57,17.74,1.57,1.11,5.63,3.52,0.71,-0.22,1.83,-0.88,2.08,-0.15,-0.13,15.48,-21.05,3.28,-5.41,-8.7,1.88,9.0,0.0,5.0,8.0,midcap,14294.16,tea,fmcg,sell,2026-06-22T15:15:00+05:30,1148.7,down,1236.2,2026-06-10 IST,1102.1,2026-06-18 IST,up,1224.0,2026-06-22 11:30 IST,1130.2,2026-06-19 15:00 IST,down,1224.0,2026-06-22 11:30 IST,1181.5,2026-06-22 11:40 IST
REDTAPE,midcap,7628.19,trading,consumer discretionary,True,,5,10,29.71,22.39,59.0,17.0,42.0,28.81,48.84,27.17,2.87,0.65,10.23,3.35,1.8,0.37,1.53,-0.5,3.04,0.49,0.55,12.05,135.85,15.09,22.39,7.3,0.59,4.0,0.0,2.0,9.0,midcap,7628.19,trading,consumer discretionary,sell,2026-06-22T15:15:00+05:30,135.69,up,139.61,2026-06-15 IST,129.02,2026-06-10 IST,up,137.8,2026-06-22 09:15 IST,133.2,2026-06-19 14:45 IST,up,137.8,2026-06-22 09:15 IST,133.2,2026-06-19 14:55 IST
DOMS,midcap,13244.62,printing & stationery,miscellaneous,True,,5,10,9.27,6.02,54.0,16.0,38.0,29.63,30.72,24.15,1.92,0.64,6.29,2.24,1.27,0.12,1.18,-0.52,2.27,0.22,0.2,14.2,28.18,0.18,6.02,5.84,0.61,4.0,0.0,3.0,14.0,midcap,13244.62,printing & stationery,miscellaneous,sell,2026-06-22T15:15:00+05:30,2262.0,up,2381.8,2026-06-18 IST,2061.6,2026-06-08 IST,up,2318.0,2026-06-22 10:15 IST,2245.5,2026-06-19 13:00 IST,down,2359.8,2026-06-18 14:55 IST,2252.7,2026-06-19 09:35 IST
AFCONS,midcap,12032.07,construction,realty,True,,5,60,13.74,9.88,20.0,6.0,14.0,30.0,30.83,20.01,5.14,1.43,11.26,4.34,1.54,0.54,3.02,-1.06,2.86,0.26,0.25,15.89,49.2,11.9,9.88,-2.03,2.3,11.0,0.0,2.0,7.0,midcap,12032.07,construction,realty,sell,2026-06-22T15:15:00+05:30,315.55,up,346.5,2026-06-10 IST,309.15,2026-06-08 IST,down,328.95,2026-06-17 11:30 IST,317.6,2026-06-17 15:15 IST,up,332.45,2026-06-15 09:15 IST,318.05,2026-06-12 13:00 IST
PCBL,midcap,11459.6,chemicals,chemicals,True,,5,10,2.83,1.65,51.0,16.0,35.0,31.37,27.55,25.39,1.72,0.73,4.87,2.74,1.08,0.04,1.38,-0.56,2.46,0.08,0.08,11.04,7.2,3.23,1.65,-1.58,0.69,5.0,0.0,3.0,7.0,midcap,11459.6,chemicals,chemicals,sell,2026-06-22T15:15:00+05:30,310.8,down,298.0,2026-06-04 IST,275.7,2026-06-11 IST,up,318.65,2026-06-19 10:30 IST,303.95,2026-06-19 09:15 IST,up,317.5,2026-06-19 09:20 IST,303.95,2026-06-19 09:15 IST
MMTC,midcap,9721.5,trading,services,True,,5,20,35.43,27.73,33.0,12.0,21.0,36.36,46.12,19.66,3.84,0.94,15.64,2.59,2.35,0.8,2.64,-0.65,4.04,0.51,0.76,10.8,182.74,20.05,27.73,7.68,1.18,5.0,0.0,3.0,5.0,midcap,9721.5,trading,services,sell,2026-06-22T15:15:00+05:30,75.18,up,78.35,2026-06-17 IST,62.9,2026-06-11 IST,up,77.09,2026-06-22 09:30 IST,74.06,2026-06-19 13:00 IST,up,77.09,2026-06-22 09:40 IST,74.76,2026-06-22 09:25 IST
HOMEFIRST,midcap,11158.92,finance - housing,financials,True,,5,70,32.88,22.66,12.0,4.0,8.0,33.33,28.22,5.28,7.06,0.66,23.77,1.08,5.35,1.91,3.63,-0.63,5.78,0.68,0.7,6.31,138.07,-0.23,22.66,22.89,3.33,22.0,0.0,2.0,3.0,midcap,11158.92,finance - housing,financials,buy,2026-06-22T15:15:00+05:30,1150.0,down,1087.0,2026-06-05 IST,1018.5,2026-06-11 IST,up,1142.7,2026-06-16 09:45 IST,1108.7,2026-06-15 15:15 IST,up,1142.7,2026-06-16 09:45 IST,1108.7,2026-06-15 15:25 IST
RELAXO,midcap,8171.41,leather / leather products,consumer discretionary,True,,5,100,41.86,31.23,8.0,3.0,5.0,37.5,35.03,5.14,11.68,1.03,19.32,1.49,6.82,3.74,6.18,-0.78,7.92,0.71,0.9,7.65,217.18,5.01,31.23,26.22,5.88,23.0,0.0,1.0,3.0,midcap,8171.41,leather / leather products,consumer discretionary,sell,2026-06-22T15:15:00+05:30,356.25,up,375.7,2026-06-18 IST,315.2,2026-06-08 IST,down,375.15,2026-06-18 14:30 IST,355.1,2026-06-19 11:45 IST,down,375.15,2026-06-18 14:40 IST,359.3,2026-06-19 10:00 IST
TIMETECHNO,midcap,8502.38,plastics products,plastic products,True,,50,90,8.7,5.63,4.0,1.0,3.0,25.0,14.78,8.17,14.78,2.72,14.78,3.96,1.81,1.65,7.26,-2.86,2.54,0.2,0.18,8.4,26.17,-2.47,5.63,8.1,10.5,22.0,5.0,1.0,2.0,midcap,8502.38,plastics products,plastic products,sell,2026-06-22T15:15:00+05:30,175.6,up,181.7,2026-06-17 IST,162.5,2026-06-11 IST,up,177.41,2026-06-15 10:00 IST,165.34,2026-06-12 13:00 IST,up,177.41,2026-06-15 10:00 IST,166.92,2026-06-12 14:45 IST
EIDPARRY,midcap,13434.73,sugar,fmcg,True,,5,10,2.63,1.44,54.0,20.0,34.0,37.04,17.78,16.12,0.89,0.47,3.88,1.94,1.1,0.03,0.93,-0.39,2.35,0.08,0.09,10.17,6.24,-10.03,1.44,11.46,0.5,4.0,0.0,5.0,7.0,midcap,13434.73,sugar,fmcg,sell,2026-06-22T15:15:00+05:30,714.4,up,749.65,2026-06-15 IST,704.75,2026-06-11 IST,down,724.55,2026-06-19 09:15 IST,701.25,2026-06-19 09:45 IST,down,724.55,2026-06-19 09:15 IST,701.25,2026-06-19 09:50 IST
ESABINDIA,midcap,9414.37,electrodes - welding equipment,industrials,True,,20,30,48.68,35.08,11.0,5.0,6.0,45.45,40.76,8.16,8.15,1.36,20.08,4.31,5.0,2.96,5.04,-1.08,4.67,0.91,0.96,7.93,258.66,10.45,35.08,24.63,4.64,13.0,0.0,2.0,2.0,midcap,9414.37,electrodes - welding equipment,industrials,buy,2026-06-22T15:15:00+05:30,5779.0,up,5860.0,2026-06-15 IST,5550.5,2026-06-11 IST,down,5940.0,2026-06-19 15:15 IST,5742.5,2026-06-22 11:45 IST,down,6348.0,2026-06-02 09:15 IST,6156.0,2026-06-02 09:15 IST
GNFC,midcap,7446.95,chemicals,chemicals,True,,10,20,33.09,23.13,21.0,7.0,14.0,33.33,35.56,13.38,5.08,0.96,9.95,2.61,2.66,1.06,2.7,-0.78,3.45,0.66,0.84,9.85,141.98,14.65,23.13,8.48,1.9,11.0,0.0,2.0,5.0,midcap,7446.95,chemicals,chemicals,sell,2026-06-22T15:15:00+05:30,581.5,down,512.0,2026-06-09 IST,484.0,2026-06-11 IST,down,616.0,2026-06-22 10:15 IST,584.6,2026-06-22 11:45 IST,down,616.0,2026-06-22 10:20 IST,592.5,2026-06-22 10:35 IST
TIIL,midcap,5580.0,steel - medium / small,metals & mining,True,,5,50,23.04,16.23,23.0,8.0,15.0,34.78,26.36,10.68,3.3,0.71,7.2,2.74,2.47,0.68,2.58,-0.65,3.94,0.45,0.47,7.38,89.43,17.16,16.23,-0.93,1.65,8.0,0.0,3.0,7.0,midcap,5580.0,steel - medium / small,metals & mining,sell,2026-06-22T15:15:00+05:30,2586.2,up,2579.1,2026-06-15 IST,2450.3,2026-06-11 IST,up,2647.6,2026-06-19 11:45 IST,2490.1,2026-06-18 15:15 IST,up,2639.3,2026-06-19 10:05 IST,2490.1,2026-06-18 15:25 IST
PATANJALI,largecap,49133.34,solvent extraction,fmcg,True,,5,10,-6.13,-3.61,62.0,19.0,43.0,30.65,18.4,21.82,0.97,0.51,3.33,2.3,0.84,-0.06,0.64,-0.39,1.64,-0.17,-0.14,9.67,-14.46,-16.32,-3.61,12.71,0.61,4.0,0.0,3.0,20.0,largecap,49133.34,solvent extraction,fmcg,sell,2026-06-22T15:15:00+05:30,418.25,up,435.05,2026-06-15 IST,413.75,2026-06-11 IST,up,424.35,2026-06-08 09:15 IST,408.15,2026-06-05 14:00 IST,up,421.3,2026-06-05 14:40 IST,408.15,2026-06-05 14:10 IST
EICHERMOT,largecap,195901.49,automobiles - motorcycles / mopeds,auto,True,,10,20,10.47,6.7,23.0,8.0,15.0,34.78,19.9,12.78,2.49,0.85,8.75,2.1,1.56,0.31,1.89,-0.67,2.83,0.25,0.25,7.13,31.72,-6.55,6.7,13.25,1.91,6.0,0.0,1.0,5.0,largecap,195901.49,automobiles - motorcycles / mopeds,auto,sell,2026-06-22T15:15:00+05:30,7625.0,up,7299.0,2026-06-09 IST,6950.0,2026-06-02 IST,up,7554.0,2026-06-15 10:45 IST,7280.0,2026-06-15 09:15 IST,up,7519.0,2026-06-15 09:50 IST,7280.0,2026-06-15 09:15 IST
TITAN,largecap,362048.07,diamond cutting / jewellery,consumer discretionary,True,,5,10,11.64,7.62,56.0,18.0,38.0,32.14,28.98,20.97,1.61,0.55,5.73,2.98,1.38,0.14,1.04,-0.42,2.5,0.27,0.23,11.64,36.62,0.91,7.62,6.72,0.84,5.0,0.0,3.0,8.0,largecap,362048.07,diamond cutting / jewellery,consumer discretionary,sell,2026-06-22T15:15:00+05:30,4372.5,down,4289.0,2026-06-05 IST,3962.8,2026-06-11 IST,up,4270.7,2026-06-15 09:45 IST,4114.0,2026-06-12 14:00 IST,up,4253.0,2026-06-15 09:15 IST,4114.0,2026-06-12 14:00 IST
KEI,largecap,50300.25,cables - power,industrials,True,,5,10,35.0,25.28,54.0,18.0,36.0,33.33,43.85,20.38,2.44,0.57,8.45,1.52,2.15,0.43,1.62,-0.46,3.51,0.65,0.75,5.28,160.42,18.58,25.28,6.7,0.76,5.0,0.0,2.0,4.0,largecap,50300.25,cables - power,industrials,sell,2026-06-22T15:15:00+05:30,5661.0,down,5398.0,2026-06-05 IST,5107.0,2026-06-08 IST,up,5669.5,2026-06-22 09:15 IST,5471.5,2026-06-19 10:45 IST,up,5566.5,2026-06-17 09:55 IST,5380.0,2026-06-16 15:25 IST
PTCIL,largecap,29055.56,castings & forgings,industrials,True,,20,120,12.69,9.26,7.0,2.0,5.0,28.57,16.06,6.27,8.03,1.25,13.71,1.5,2.56,1.4,5.45,-1.39,3.92,0.23,0.36,12.96,45.68,2.39,9.26,6.87,5.0,11.0,0.0,1.0,4.0,largecap,29055.56,castings & forgings,industrials,sell,2026-06-22T15:15:00+05:30,17900.0,down,19345.0,2026-06-15 IST,17370.0,2026-06-18 IST,down,18650.0,2026-06-19 15:15 IST,17902.0,2026-06-22 12:15 IST,up,17969.0,2026-06-19 09:35 IST,17377.0,2026-06-18 15:00 IST
TATACAP,largecap,127664.44,finance & investments,financials,True,,5,30,16.57,9.76,24.0,9.0,15.0,37.5,21.53,11.72,2.39,0.78,5.91,2.2,1.84,0.41,1.67,-0.64,2.62,0.45,0.39,6.35,48.54,-1.47,9.76,11.24,1.96,5.0,0.0,1.0,3.0,largecap,127664.44,finance & investments,financials,sell,2026-06-22T15:15:00+05:30,355.6,up,348.75,2026-06-16 IST,296.0,2026-06-02 IST,down,379.95,2026-06-19 15:15 IST,358.05,2026-06-22 10:00 IST,down,379.95,2026-06-19 15:25 IST,358.2,2026-06-22 09:50 IST
GROWW,largecap,119706.5,finance & investments,financials,True,,30,180,38.16,28.03,4.0,2.0,2.0,50.0,34.91,5.89,17.45,2.95,31.5,4.98,5.92,7.25,11.36,-1.78,6.38,0.68,0.75,7.58,185.58,24.17,28.03,3.85,11.25,34.0,1.0,1.0,1.0,largecap,119706.5,finance & investments,financials,sell,2026-06-22T15:15:00+05:30,197.3,up,208.49,2026-06-16 IST,188.61,2026-06-09 IST,down,208.48,2026-06-16 09:15 IST,197.5,2026-06-16 10:45 IST,down,208.48,2026-06-16 09:15 IST,199.52,2026-06-16 09:35 IST
TIINDIA,largecap,60208.49,steel - large,industrials,True,,5,10,33.97,23.72,54.0,22.0,32.0,40.74,40.99,18.89,1.86,0.59,5.62,1.74,2.17,0.41,1.52,-0.44,3.48,0.68,0.77,6.31,146.92,17.06,23.72,6.66,0.89,4.0,0.0,3.0,5.0,largecap,60208.49,steel - large,industrials,sell,2026-06-22T15:15:00+05:30,3307.9,up,3312.8,2026-06-16 IST,2962.0,2026-06-11 IST,up,3312.8,2026-06-16 10:45 IST,3207.7,2026-06-15 15:00 IST,up,3205.0,2026-06-15 09:20 IST,3097.5,2026-06-12 14:30 IST
ASTERDM,largecap,37664.81,healthcare,healthcare,True,,5,10,26.75,17.83,47.0,21.0,26.0,44.68,32.84,15.81,1.56,0.61,7.32,1.94,2.08,0.36,1.38,-0.41,3.34,0.59,0.62,7.03,100.76,13.04,17.83,4.8,0.89,6.0,0.0,4.0,8.0,largecap,37664.81,healthcare,healthcare,buy,2026-06-22T15:15:00+05:30,789.85,down,836.5,2026-06-12 IST,761.6,2026-06-17 IST,down,822.4,2026-06-22 09:15 IST,793.25,2026-06-22 09:30 IST,down,822.4,2026-06-22 09:15 IST,793.25,2026-06-22 09:40 IST
INFY,largecap,515384.6,computers - software - large,i.t,True,,5,10,4.63,2.65,43.0,11.0,32.0,25.58,19.96,16.94,1.81,0.53,5.72,2.03,1.18,0.07,0.97,-0.42,2.32,0.13,0.12,6.44,11.75,-7.35,2.65,10.0,0.86,4.0,0.0,3.0,8.0,largecap,515384.6,computers - software - large,i.t,sell,2026-06-22T15:15:00+05:30,1065.0,down,1251.81,2026-06-02 IST,1109.0,2026-06-11 IST,up,1071.6,2026-06-22 09:15 IST,1039.1,2026-06-19 13:15 IST,up,1071.6,2026-06-22 09:15 IST,1040.1,2026-06-19 14:55 IST
RELIANCE,largecap,1778978.85,refineries,energy,True,,5,70,10.38,4.99,12.0,5.0,7.0,41.67,9.74,4.59,1.95,0.66,7.13,1.93,2.12,0.43,1.63,-0.46,3.53,0.36,0.26,5.06,23.0,-9.02,4.99,14.01,2.83,9.0,0.0,2.0,4.0,largecap,1778978.85,refineries,energy,sell,2026-06-22T15:15:00+05:30,1324.9,down,1364.79,2026-05-25 IST,1253.2,2026-06-11 IST,up,1344.8,2026-06-22 09:15 IST,1305.6,2026-06-19 15:00 IST,up,1321.0,2026-06-15 09:15 IST,1281.6,2026-06-12 14:25 IST
NESTLEIND,largecap,269713.32,food - processing - mnc,fmcg,True,,25,60,39.58,22.71,4.0,2.0,2.0,50.0,23.57,0.71,11.79,0.35,23.53,0.37,33.23,5.72,7.44,-0.74,10.07,1.12,1.41,3.78,138.49,12.71,22.71,10.0,13.0,40.0,3.0,1.0,1.0,largecap,269713.32,food - processing - mnc,fmcg,sell,2026-06-22T15:15:00+05:30,1399.0,down,1454.9,2026-06-10 IST,1370.6,2026-06-12 IST,down,1423.9,2026-06-12 13:45 IST,1371.4,2026-06-12 14:15 IST,down,1423.9,2026-06-12 13:45 IST,1371.4,2026-06-12 14:20 IST
SUZLON,largecap,74772.45,electric equipment,industrials,True,,5,10,54.04,38.71,47.0,23.0,24.0,48.94,51.91,18.06,2.26,0.75,7.49,2.7,2.87,0.72,1.9,-0.47,4.01,1.02,1.19,5.34,301.37,32.22,38.71,6.49,1.15,4.0,0.0,5.0,4.0,largecap,74772.45,electric equipment,industrials,sell,2026-06-22T15:15:00+05:30,59.1,down,56.12,2026-06-05 IST,53.07,2026-06-11 IST,up,60.42,2026-06-19 11:45 IST,58.25,2026-06-19 09:15 IST,up,59.23,2026-06-16 10:10 IST,55.38,2026-06-15 15:10 IST
